[{"model": "admin.logentry", "pk": 1, "fields": {"action_time": "2023-03-12T23:09:34.077Z", "user": 1, "content_type": 7, "object_id": "1", "object_repr": "Category object (1)", "action_flag": 1, "change_message": "[{\"added\": {}}]"}}, {"model": "admin.logentry", "pk": 2, "fields": {"action_time": "2023-03-12T23:09:44.839Z", "user": 1, "content_type": 7, "object_id": "2", "object_repr": "Category object (2)", "action_flag": 1, "change_message": "[{\"added\": {}}]"}}, {"model": "admin.logentry", "pk": 3, "fields": {"action_time": "2023-03-12T23:09:57.972Z", "user": 1, "content_type": 7, "object_id": "3", "object_repr": "Category object (3)", "action_flag": 1, "change_message": "[{\"added\": {}}]"}}, {"model": "admin.logentry", "pk": 4, "fields": {"action_time": "2023-03-12T23:10:16.853Z", "user": 1, "content_type": 16, "object_id": "1", "object_repr": "lifestyle", "action_flag": 1, "change_message": "[{\"added\": {}}]"}}, {"model": "admin.logentry", "pk": 5, "fields": {"action_time": "2023-03-12T23:10:32.225Z", "user": 1, "content_type": 16, "object_id": "2", "object_repr": "Newhatchtech", "action_flag": 1, "change_message": "[{\"added\": {}}]"}}, {"model": "admin.logentry", "pk": 6, "fields": {"action_time": "2023-03-12T23:10:50.075Z", "user": 1, "content_type": 16, "object_id": "3", "object_repr": "TECHNOLOGY", "action_flag": 1, "change_message": "[{\"added\": {}}]"}}, {"model": "admin.logentry", "pk": 7, "fields": {"action_time": "2023-03-12T23:11:12.558Z", "user": 1, "content_type": 12, "object_id": "1", "object_repr": "But the priest's face was full of compassion. He said, \"My friend, I had offered the silver candlesticks along with this silver to you. Why did you leave the candlesticks behind?\" He then gave the can", "action_flag": 1, "change_message": "[{\"added\": {}}]"}}, {"model": "admin.logentry", "pk": 8, "fields": {"action_time": "2023-03-12T23:23:01.907Z", "user": 1, "content_type": 12, "object_id": "1", "object_repr": "But the priest's face was full of compassion. He said, \"My friend, I had offered the silver candlesticks along with this silver to you. Why did you leave the candlesticks behind?\" He then gave the can", "action_flag": 3, "change_message": ""}}, {"model": "admin.logentry", "pk": 9, "fields": {"action_time": "2023-03-12T23:23:49.509Z", "user": 1, "content_type": 7, "object_id": "3", "object_repr": "Category object (3)", "action_flag": 2, "change_message": "[{\"changed\": {\"fields\": [\"Name\"]}}]"}}, {"model": "admin.logentry", "pk": 10, "fields": {"action_time": "2023-03-12T23:25:00.235Z", "user": 1, "content_type": 7, "object_id": "2", "object_repr": "Category object (2)", "action_flag": 2, "change_message": "[{\"changed\": {\"fields\": [\"Name\"]}}]"}}, {"model": "admin.logentry", "pk": 11, "fields": {"action_time": "2023-03-12T23:25:07.737Z", "user": 1, "content_type": 7, "object_id": "1", "object_repr": "Category object (1)", "action_flag": 2, "change_message": "[]"}}, {"model": "admin.logentry", "pk": 12, "fields": {"action_time": "2023-03-12T23:25:34.600Z", "user": 1, "content_type": 7, "object_id": "4", "object_repr": "Category object (4)", "action_flag": 1, "change_message": "[{\"added\": {}}]"}}, {"model": "admin.logentry", "pk": 13, "fields": {"action_time": "2023-03-12T23:26:22.644Z", "user": 1, "content_type": 16, "object_id": "4", "object_repr": "Farming", "action_flag": 1, "change_message": "[{\"added\": {}}]"}}, {"model": "admin.logentry", "pk": 14, "fields": {"action_time": "2023-03-12T23:26:46.768Z", "user": 1, "content_type": 16, "object_id": "5", "object_repr": "Soil", "action_flag": 1, "change_message": "[{\"added\": {}}]"}}, {"model": "admin.logentry", "pk": 15, "fields": {"action_time": "2023-03-12T23:27:05.641Z", "user": 1, "content_type": 16, "object_id": "2", "object_repr": "Newhatchtech", "action_flag": 3, "change_message": ""}}, {"model": "admin.logentry", "pk": 16, "fields": {"action_time": "2023-03-12T23:27:05.721Z", "user": 1, "content_type": 16, "object_id": "3", "object_repr": "TECHNOLOGY", "action_flag": 3, "change_message": ""}}, {"model": "admin.logentry", "pk": 17, "fields": {"action_time": "2023-03-12T23:27:05.796Z", "user": 1, "content_type": 16, "object_id": "1", "object_repr": "lifestyle", "action_flag": 3, "change_message": ""}}, {"model": "admin.logentry", "pk": 18, "fields": {"action_time": "2023-03-12T23:27:46.192Z", "user": 1, "content_type": 16, "object_id": "6", "object_repr": "Artificial Intelligent", "action_flag": 1, "change_message": "[{\"added\": {}}]"}}, {"model": "admin.logentry", "pk": 19, "fields": {"action_time": "2023-03-12T23:28:13.491Z", "user": 1, "content_type": 16, "object_id": "7", "object_repr": "Virtual Reality", "action_flag": 1, "change_message": "[{\"added\": {}}]"}}, {"model": "admin.logentry", "pk": 20, "fields": {"action_time": "2023-03-12T23:28:49.211Z", "user": 1, "content_type": 16, "object_id": "8", "object_repr": "Social life", "action_flag": 1, "change_message": "[{\"added\": {}}]"}}, {"model": "admin.logentry", "pk": 21, "fields": {"action_time": "2023-03-12T23:30:07.035Z", "user": 1, "content_type": 12, "object_id": "2", "object_repr": "Mindfulness: What it is and how to practice i", "action_flag": 1, "change_message": "[{\"added\": {}}]"}}, {"model": "admin.logentry", "pk": 22, "fields": {"action_time": "2023-03-12T23:33:18.102Z", "user": 1, "content_type": 12, "object_id": "3", "object_repr": "Sure, here's a blog post on social life:", "action_flag": 1, "change_message": "[{\"added\": {}}]"}}, {"model": "admin.logentry", "pk": 23, "fields": {"action_time": "2023-03-12T23:36:00.472Z", "user": 1, "content_type": 12, "object_id": "4", "object_repr": "The Impact of Technology on Our Lives", "action_flag": 1, "change_message": "[{\"added\": {}}]"}}, {"model": "admin.logentry", "pk": 24, "fields": {"action_time": "2023-03-12T23:38:04.050Z", "user": 1, "content_type": 12, "object_id": "5", "object_repr": "The Exciting World of Virtual Reality", "action_flag": 1, "change_message": "[{\"added\": {}}]"}}, {"model": "admin.logentry", "pk": 25, "fields": {"action_time": "2023-03-12T23:40:47.596Z", "user": 1, "content_type": 12, "object_id": "6", "object_repr": "The Exciting World of Virtual Realityr", "action_flag": 1, "change_message": "[{\"added\": {}}]"}}, {"model": "admin.logentry", "pk": 26, "fields": {"action_time": "2023-03-14T06:19:59.774Z", "user": 1, "content_type": 12, "object_id": "6", "object_repr": "The Exciting World of Virtual Realityr", "action_flag": 2, "change_message": "[{\"changed\": {\"fields\": [\"Tag\"]}}]"}}, {"model": "admin.logentry", "pk": 27, "fields": {"action_time": "2023-03-14T06:20:21.001Z", "user": 1, "content_type": 12, "object_id": "5", "object_repr": "The Exciting World of Virtual Reality", "action_flag": 2, "change_message": "[{\"changed\": {\"fields\": [\"Tag\"]}}]"}}, {"model": "admin.logentry", "pk": 28, "fields": {"action_time": "2023-03-14T06:33:13.457Z", "user": 1, "content_type": 12, "object_id": "7", "object_repr": "gog", "action_flag": 1, "change_message": "[{\"added\": {}}]"}}, {"model": "admin.logentry", "pk": 29, "fields": {"action_time": "2023-03-14T13:37:55.390Z", "user": 1, "content_type": 12, "object_id": "8", "object_repr": "god", "action_flag": 1, "change_message": "[{\"added\": {}}]"}}, {"model": "admin.logentry", "pk": 30, "fields": {"action_time": "2023-03-14T13:38:33.634Z", "user": 1, "content_type": 12, "object_id": "9", "object_repr": "jesus", "action_flag": 1, "change_message": "[{\"added\": {}}]"}}, {"model": "admin.logentry", "pk": 31, "fields": {"action_time": "2023-03-19T02:15:08.447Z", "user": 1, "content_type": 13, "object_id": "2", "object_repr": "Comment object (2)", "action_flag": 1, "change_message": "[{\"added\": {}}]"}}, {"model": "admin.logentry", "pk": 32, "fields": {"action_time": "2023-03-19T08:22:46.728Z", "user": 1, "content_type": 13, "object_id": "2", "object_repr": "Comment object (2)", "action_flag": 2, "change_message": "[]"}}, {"model": "admin.logentry", "pk": 33, "fields": {"action_time": "2023-03-20T05:18:34.957Z", "user": 1, "content_type": 12, "object_id": "9", "object_repr": "jesus", "action_flag": 2, "change_message": "[{\"changed\": {\"fields\": [\"Tag\"]}}]"}}, {"model": "admin.logentry", "pk": 34, "fields": {"action_time": "2023-03-20T05:18:56.905Z", "user": 1, "content_type": 12, "object_id": "6", "object_repr": "The Exciting World of Virtual Realityr", "action_flag": 2, "change_message": "[{\"changed\": {\"fields\": [\"Tag\"]}}]"}}, {"model": "admin.logentry", "pk": 35, "fields": {"action_time": "2023-03-20T05:21:04.143Z", "user": 1, "content_type": 12, "object_id": "10", "object_repr": "welllllllllllllllllllllllll", "action_flag": 1, "change_message": "[{\"added\": {}}]"}}, {"model": "admin.logentry", "pk": 36, "fields": {"action_time": "2023-03-20T05:22:03.413Z", "user": 1, "content_type": 12, "object_id": "10", "object_repr": "welllllllllllllllllllllllll", "action_flag": 2, "change_message": "[{\"changed\": {\"fields\": [\"Image\"]}}]"}}, {"model": "admin.logentry", "pk": 37, "fields": {"action_time": "2023-03-22T06:05:54.086Z", "user": 1, "content_type": 12, "object_id": "9", "object_repr": "Post object (9)", "action_flag": 2, "change_message": "[{\"changed\": {\"fields\": [\"Content\"]}}]"}}, {"model": "admin.logentry", "pk": 38, "fields": {"action_time": "2023-03-22T06:06:08.640Z", "user": 1, "content_type": 12, "object_id": "8", "object_repr": "Post object (8)", "action_flag": 2, "change_message": "[{\"changed\": {\"fields\": [\"Content\"]}}]"}}, {"model": "admin.logentry", "pk": 39, "fields": {"action_time": "2023-03-22T06:06:22.437Z", "user": 1, "content_type": 12, "object_id": "7", "object_repr": "Post object (7)", "action_flag": 2, "change_message": "[{\"changed\": {\"fields\": [\"Content\"]}}]"}}, {"model": "admin.logentry", "pk": 40, "fields": {"action_time": "2023-03-22T06:07:23.956Z", "user": 1, "content_type": 12, "object_id": "10", "object_repr": "Post object (10)", "action_flag": 2, "change_message": "[{\"changed\": {\"fields\": [\"Content\"]}}]"}}, {"model": "admin.logentry", "pk": 41, "fields": {"action_time": "2023-03-22T06:12:51.687Z", "user": 1, "content_type": 12, "object_id": "10", "object_repr": "Post object (10)", "action_flag": 2, "change_message": "[{\"changed\": {\"fields\": [\"Title\", \"Slug\"]}}]"}}, {"model": "admin.logentry", "pk": 42, "fields": {"action_time": "2023-03-22T06:21:47.346Z", "user": 1, "content_type": 12, "object_id": "11", "object_repr": "Post object (11)", "action_flag": 1, "change_message": "[{\"added\": {}}]"}}, {"model": "admin.logentry", "pk": 43, "fields": {"action_time": "2023-03-22T06:23:06.009Z", "user": 1, "content_type": 12, "object_id": "10", "object_repr": "Post object (10)", "action_flag": 3, "change_message": ""}}, {"model": "admin.logentry", "pk": 44, "fields": {"action_time": "2023-03-22T10:42:26.334Z", "user": 1, "content_type": 12, "object_id": "11", "object_repr": "Post object (11)", "action_flag": 2, "change_message": "[{\"changed\": {\"fields\": [\"Image\"]}}]"}}, {"model": "admin.logentry", "pk": 45, "fields": {"action_time": "2023-03-22T10:44:28.003Z", "user": 1, "content_type": 12, "object_id": "11", "object_repr": "Post object (11)", "action_flag": 2, "change_message": "[{\"changed\": {\"fields\": [\"Header image\"]}}]"}}, {"model": "admin.logentry", "pk": 46, "fields": {"action_time": "2023-03-22T10:54:43.182Z", "user": 1, "content_type": 12, "object_id": "9", "object_repr": "Post object (9)", "action_flag": 2, "change_message": "[{\"changed\": {\"fields\": [\"Header image\", \"Image\"]}}]"}}, {"model": "admin.logentry", "pk": 47, "fields": {"action_time": "2023-03-22T10:56:12.917Z", "user": 1, "content_type": 12, "object_id": "9", "object_repr": "Post object (9)", "action_flag": 2, "change_message": "[{\"changed\": {\"fields\": [\"Content\"]}}]"}}, {"model": "admin.logentry", "pk": 48, "fields": {"action_time": "2023-03-22T11:03:38.320Z", "user": 1, "content_type": 12, "object_id": "9", "object_repr": "Post object (9)", "action_flag": 2, "change_message": "[{\"changed\": {\"fields\": [\"Header image\"]}}]"}}, {"model": "admin.logentry", "pk": 49, "fields": {"action_time": "2023-03-22T16:38:21.698Z", "user": 1, "content_type": 12, "object_id": "12", "object_repr": "Post object (12)", "action_flag": 1, "change_message": "[{\"added\": {}}]"}}, {"model": "admin.logentry", "pk": 50, "fields": {"action_time": "2023-03-22T16:40:11.820Z", "user": 1, "content_type": 12, "object_id": "12", "object_repr": "Post object (12)", "action_flag": 2, "change_message": "[{\"changed\": {\"fields\": [\"Header image\"]}}]"}}, {"model": "admin.logentry", "pk": 51, "fields": {"action_time": "2023-03-22T16:41:11.673Z", "user": 1, "content_type": 12, "object_id": "12", "object_repr": "Post object (12)", "action_flag": 2, "change_message": "[{\"changed\": {\"fields\": [\"Header image\"]}}]"}}, {"model": "admin.logentry", "pk": 52, "fields": {"action_time": "2023-03-22T16:42:05.214Z", "user": 1, "content_type": 12, "object_id": "12", "object_repr": "Post object (12)", "action_flag": 2, "change_message": "[{\"changed\": {\"fields\": [\"Image\"]}}]"}}, {"model": "admin.logentry", "pk": 53, "fields": {"action_time": "2023-03-22T16:45:17.816Z", "user": 1, "content_type": 12, "object_id": "13", "object_repr": "Post object (13)", "action_flag": 1, "change_message": "[{\"added\": {}}]"}}, {"model": "admin.logentry", "pk": 54, "fields": {"action_time": "2023-03-22T16:46:47.164Z", "user": 1, "content_type": 12, "object_id": "13", "object_repr": "Post object (13)", "action_flag": 2, "change_message": "[{\"changed\": {\"fields\": [\"Image\"]}}]"}}, {"model": "admin.logentry", "pk": 55, "fields": {"action_time": "2023-03-22T16:52:45.768Z", "user": 1, "content_type": 12, "object_id": "13", "object_repr": "Post object (13)", "action_flag": 2, "change_message": "[{\"changed\": {\"fields\": [\"Image\"]}}]"}}, {"model": "admin.logentry", "pk": 56, "fields": {"action_time": "2023-03-22T16:53:06.608Z", "user": 1, "content_type": 12, "object_id": "13", "object_repr": "Post object (13)", "action_flag": 2, "change_message": "[{\"changed\": {\"fields\": [\"Header image\"]}}]"}}, {"model": "admin.logentry", "pk": 57, "fields": {"action_time": "2023-03-22T16:53:57.143Z", "user": 1, "content_type": 12, "object_id": "13", "object_repr": "Post object (13)", "action_flag": 2, "change_message": "[{\"changed\": {\"fields\": [\"Image\"]}}]"}}, {"model": "admin.logentry", "pk": 58, "fields": {"action_time": "2023-03-22T17:16:04.914Z", "user": 1, "content_type": 12, "object_id": "13", "object_repr": "Post object (13)", "action_flag": 2, "change_message": "[]"}}, {"model": "admin.logentry", "pk": 59, "fields": {"action_time": "2023-03-22T17:55:04.970Z", "user": 1, "content_type": 12, "object_id": "13", "object_repr": "Post object (13)", "action_flag": 2, "change_message": "[{\"changed\": {\"fields\": [\"Image url\"]}}]"}}, {"model": "admin.logentry", "pk": 60, "fields": {"action_time": "2023-03-22T17:56:31.393Z", "user": 1, "content_type": 12, "object_id": "13", "object_repr": "Post object (13)", "action_flag": 2, "change_message": "[{\"changed\": {\"fields\": [\"Image url\"]}}]"}}, {"model": "admin.logentry", "pk": 61, "fields": {"action_time": "2023-03-22T17:58:41.237Z", "user": 1, "content_type": 12, "object_id": "13", "object_repr": "Post object (13)", "action_flag": 2, "change_message": "[{\"changed\": {\"fields\": [\"Image url\"]}}]"}}, {"model": "admin.logentry", "pk": 62, "fields": {"action_time": "2023-03-22T18:16:32.443Z", "user": 1, "content_type": 12, "object_id": "13", "object_repr": "Post object (13)", "action_flag": 2, "change_message": "[{\"changed\": {\"fields\": [\"Image url\"]}}]"}}, {"model": "admin.logentry", "pk": 63, "fields": {"action_time": "2023-03-22T18:22:45.215Z", "user": 1, "content_type": 12, "object_id": "13", "object_repr": "Post object (13)", "action_flag": 2, "change_message": "[]"}}, {"model": "admin.logentry", "pk": 64, "fields": {"action_time": "2023-03-22T18:30:18.793Z", "user": 1, "content_type": 12, "object_id": "13", "object_repr": "Post object (13)", "action_flag": 2, "change_message": "[]"}}, {"model": "admin.logentry", "pk": 65, "fields": {"action_time": "2023-03-22T18:32:00.563Z", "user": 1, "content_type": 12, "object_id": "12", "object_repr": "Post object (12)", "action_flag": 2, "change_message": "[{\"changed\": {\"fields\": [\"Image\"]}}]"}}, {"model": "admin.logentry", "pk": 66, "fields": {"action_time": "2023-03-22T18:32:46.813Z", "user": 1, "content_type": 12, "object_id": "12", "object_repr": "Post object (12)", "action_flag": 2, "change_message": "[{\"changed\": {\"fields\": [\"Image url\"]}}]"}}, {"model": "admin.logentry", "pk": 67, "fields": {"action_time": "2023-03-22T18:49:52.988Z", "user": 1, "content_type": 12, "object_id": "14", "object_repr": "Post object (14)", "action_flag": 1, "change_message": "[{\"added\": {}}]"}}, {"model": "admin.logentry", "pk": 68, "fields": {"action_time": "2023-03-22T18:55:14.960Z", "user": 1, "content_type": 12, "object_id": "11", "object_repr": "Post object (11)", "action_flag": 2, "change_message": "[{\"changed\": {\"fields\": [\"Image url\"]}}]"}}, {"model": "admin.logentry", "pk": 69, "fields": {"action_time": "2023-03-22T18:57:08.057Z", "user": 1, "content_type": 12, "object_id": "11", "object_repr": "Post object (11)", "action_flag": 2, "change_message": "[{\"changed\": {\"fields\": [\"Image url\"]}}]"}}, {"model": "admin.logentry", "pk": 70, "fields": {"action_time": "2023-03-22T19:03:58.909Z", "user": 1, "content_type": 12, "object_id": "11", "object_repr": "Post object (11)", "action_flag": 3, "change_message": ""}}, {"model": "admin.logentry", "pk": 71, "fields": {"action_time": "2023-03-22T19:04:56.286Z", "user": 1, "content_type": 12, "object_id": "15", "object_repr": "Post object (15)", "action_flag": 1, "change_message": "[{\"added\": {}}]"}}, {"model": "admin.logentry", "pk": 72, "fields": {"action_time": "2023-03-22T19:07:11.764Z", "user": 1, "content_type": 12, "object_id": "15", "object_repr": "Post object (15)", "action_flag": 2, "change_message": "[{\"changed\": {\"fields\": [\"Image url\"]}}]"}}, {"model": "admin.logentry", "pk": 73, "fields": {"action_time": "2023-03-22T19:27:12.983Z", "user": 1, "content_type": 12, "object_id": "15", "object_repr": "Post object (15)", "action_flag": 2, "change_message": "[{\"changed\": {\"fields\": [\"Content\"]}}]"}}, {"model": "admin.logentry", "pk": 74, "fields": {"action_time": "2023-03-22T19:40:28.782Z", "user": 1, "content_type": 12, "object_id": "16", "object_repr": "Post object (16)", "action_flag": 1, "change_message": "[{\"added\": {}}]"}}, {"model": "auth.permission", "pk": 1, "fields": {"name": "Can add log entry", "content_type": 1, "codename": "add_logentry"}}, {"model": "auth.permission", "pk": 2, "fields": {"name": "Can change log entry", "content_type": 1, "codename": "change_logentry"}}, {"model": "auth.permission", "pk": 3, "fields": {"name": "Can delete log entry", "content_type": 1, "codename": "delete_logentry"}}, {"model": "auth.permission", "pk": 4, "fields": {"name": "Can view log entry", "content_type": 1, "codename": "view_logentry"}}, {"model": "auth.permission", "pk": 5, "fields": {"name": "Can add permission", "content_type": 2, "codename": "add_permission"}}, {"model": "auth.permission", "pk": 6, "fields": {"name": "Can change permission", "content_type": 2, "codename": "change_permission"}}, {"model": "auth.permission", "pk": 7, "fields": {"name": "Can delete permission", "content_type": 2, "codename": "delete_permission"}}, {"model": "auth.permission", "pk": 8, "fields": {"name": "Can view permission", "content_type": 2, "codename": "view_permission"}}, {"model": "auth.permission", "pk": 9, "fields": {"name": "Can add group", "content_type": 3, "codename": "add_group"}}, {"model": "auth.permission", "pk": 10, "fields": {"name": "Can change group", "content_type": 3, "codename": "change_group"}}, {"model": "auth.permission", "pk": 11, "fields": {"name": "Can delete group", "content_type": 3, "codename": "delete_group"}}, {"model": "auth.permission", "pk": 12, "fields": {"name": "Can view group", "content_type": 3, "codename": "view_group"}}, {"model": "auth.permission", "pk": 13, "fields": {"name": "Can add user", "content_type": 4, "codename": "add_user"}}, {"model": "auth.permission", "pk": 14, "fields": {"name": "Can change user", "content_type": 4, "codename": "change_user"}}, {"model": "auth.permission", "pk": 15, "fields": {"name": "Can delete user", "content_type": 4, "codename": "delete_user"}}, {"model": "auth.permission", "pk": 16, "fields": {"name": "Can view user", "content_type": 4, "codename": "view_user"}}, {"model": "auth.permission", "pk": 17, "fields": {"name": "Can add content type", "content_type": 5, "codename": "add_contenttype"}}, {"model": "auth.permission", "pk": 18, "fields": {"name": "Can change content type", "content_type": 5, "codename": "change_contenttype"}}, {"model": "auth.permission", "pk": 19, "fields": {"name": "Can delete content type", "content_type": 5, "codename": "delete_contenttype"}}, {"model": "auth.permission", "pk": 20, "fields": {"name": "Can view content type", "content_type": 5, "codename": "view_contenttype"}}, {"model": "auth.permission", "pk": 21, "fields": {"name": "Can add session", "content_type": 6, "codename": "add_session"}}, {"model": "auth.permission", "pk": 22, "fields": {"name": "Can change session", "content_type": 6, "codename": "change_session"}}, {"model": "auth.permission", "pk": 23, "fields": {"name": "Can delete session", "content_type": 6, "codename": "delete_session"}}, {"model": "auth.permission", "pk": 24, "fields": {"name": "Can view session", "content_type": 6, "codename": "view_session"}}, {"model": "auth.permission", "pk": 25, "fields": {"name": "Can add category", "content_type": 7, "codename": "add_category"}}, {"model": "auth.permission", "pk": 26, "fields": {"name": "Can change category", "content_type": 7, "codename": "change_category"}}, {"model": "auth.permission", "pk": 27, "fields": {"name": "Can delete category", "content_type": 7, "codename": "delete_category"}}, {"model": "auth.permission", "pk": 28, "fields": {"name": "Can view category", "content_type": 7, "codename": "view_category"}}, {"model": "auth.permission", "pk": 29, "fields": {"name": "Can add custom user", "content_type": 8, "codename": "add_customuser"}}, {"model": "auth.permission", "pk": 30, "fields": {"name": "Can change custom user", "content_type": 8, "codename": "change_customuser"}}, {"model": "auth.permission", "pk": 31, "fields": {"name": "Can delete custom user", "content_type": 8, "codename": "delete_customuser"}}, {"model": "auth.permission", "pk": 32, "fields": {"name": "Can view custom user", "content_type": 8, "codename": "view_customuser"}}, {"model": "auth.permission", "pk": 33, "fields": {"name": "Can add featured post", "content_type": 9, "codename": "add_featuredpost"}}, {"model": "auth.permission", "pk": 34, "fields": {"name": "Can change featured post", "content_type": 9, "codename": "change_featuredpost"}}, {"model": "auth.permission", "pk": 35, "fields": {"name": "Can delete featured post", "content_type": 9, "codename": "delete_featuredpost"}}, {"model": "auth.permission", "pk": 36, "fields": {"name": "Can view featured post", "content_type": 9, "codename": "view_featuredpost"}}, {"model": "auth.permission", "pk": 37, "fields": {"name": "Can add order", "content_type": 10, "codename": "add_order"}}, {"model": "auth.permission", "pk": 38, "fields": {"name": "Can change order", "content_type": 10, "codename": "change_order"}}, {"model": "auth.permission", "pk": 39, "fields": {"name": "Can delete order", "content_type": 10, "codename": "delete_order"}}, {"model": "auth.permission", "pk": 40, "fields": {"name": "Can view order", "content_type": 10, "codename": "view_order"}}, {"model": "auth.permission", "pk": 41, "fields": {"name": "Can add subscribed users", "content_type": 11, "codename": "add_subscribedusers"}}, {"model": "auth.permission", "pk": 42, "fields": {"name": "Can change subscribed users", "content_type": 11, "codename": "change_subscribedusers"}}, {"model": "auth.permission", "pk": 43, "fields": {"name": "Can delete subscribed users", "content_type": 11, "codename": "delete_subscribedusers"}}, {"model": "auth.permission", "pk": 44, "fields": {"name": "Can view subscribed users", "content_type": 11, "codename": "view_subscribedusers"}}, {"model": "auth.permission", "pk": 45, "fields": {"name": "Can add post", "content_type": 12, "codename": "add_post"}}, {"model": "auth.permission", "pk": 46, "fields": {"name": "Can change post", "content_type": 12, "codename": "change_post"}}, {"model": "auth.permission", "pk": 47, "fields": {"name": "Can delete post", "content_type": 12, "codename": "delete_post"}}, {"model": "auth.permission", "pk": 48, "fields": {"name": "Can view post", "content_type": 12, "codename": "view_post"}}, {"model": "auth.permission", "pk": 49, "fields": {"name": "Can add comment", "content_type": 13, "codename": "add_comment"}}, {"model": "auth.permission", "pk": 50, "fields": {"name": "Can change comment", "content_type": 13, "codename": "change_comment"}}, {"model": "auth.permission", "pk": 51, "fields": {"name": "Can delete comment", "content_type": 13, "codename": "delete_comment"}}, {"model": "auth.permission", "pk": 52, "fields": {"name": "Can view comment", "content_type": 13, "codename": "view_comment"}}, {"model": "auth.permission", "pk": 53, "fields": {"name": "Can add PayPal IPN", "content_type": 14, "codename": "add_paypalipn"}}, {"model": "auth.permission", "pk": 54, "fields": {"name": "Can change PayPal IPN", "content_type": 14, "codename": "change_paypalipn"}}, {"model": "auth.permission", "pk": 55, "fields": {"name": "Can delete PayPal IPN", "content_type": 14, "codename": "delete_paypalipn"}}, {"model": "auth.permission", "pk": 56, "fields": {"name": "Can view PayPal IPN", "content_type": 14, "codename": "view_paypalipn"}}, {"model": "auth.permission", "pk": 57, "fields": {"name": "Can add site", "content_type": 15, "codename": "add_site"}}, {"model": "auth.permission", "pk": 58, "fields": {"name": "Can change site", "content_type": 15, "codename": "change_site"}}, {"model": "auth.permission", "pk": 59, "fields": {"name": "Can delete site", "content_type": 15, "codename": "delete_site"}}, {"model": "auth.permission", "pk": 60, "fields": {"name": "Can view site", "content_type": 15, "codename": "view_site"}}, {"model": "auth.permission", "pk": 61, "fields": {"name": "Can add tag", "content_type": 16, "codename": "add_tag"}}, {"model": "auth.permission", "pk": 62, "fields": {"name": "Can change tag", "content_type": 16, "codename": "change_tag"}}, {"model": "auth.permission", "pk": 63, "fields": {"name": "Can delete tag", "content_type": 16, "codename": "delete_tag"}}, {"model": "auth.permission", "pk": 64, "fields": {"name": "Can view tag", "content_type": 16, "codename": "view_tag"}}, {"model": "auth.permission", "pk": 65, "fields": {"name": "Can add tagged item", "content_type": 17, "codename": "add_taggeditem"}}, {"model": "auth.permission", "pk": 66, "fields": {"name": "Can change tagged item", "content_type": 17, "codename": "change_taggeditem"}}, {"model": "auth.permission", "pk": 67, "fields": {"name": "Can delete tagged item", "content_type": 17, "codename": "delete_taggeditem"}}, {"model": "auth.permission", "pk": 68, "fields": {"name": "Can view tagged item", "content_type": 17, "codename": "view_taggeditem"}}, {"model": "auth.permission", "pk": 69, "fields": {"name": "Can add donation", "content_type": 18, "codename": "add_donation"}}, {"model": "auth.permission", "pk": 70, "fields": {"name": "Can change donation", "content_type": 18, "codename": "change_donation"}}, {"model": "auth.permission", "pk": 71, "fields": {"name": "Can delete donation", "content_type": 18, "codename": "delete_donation"}}, {"model": "auth.permission", "pk": 72, "fields": {"name": "Can view donation", "content_type": 18, "codename": "view_donation"}}, {"model": "auth.permission", "pk": 73, "fields": {"name": "Can add contact", "content_type": 19, "codename": "add_contact"}}, {"model": "auth.permission", "pk": 74, "fields": {"name": "Can change contact", "content_type": 19, "codename": "change_contact"}}, {"model": "auth.permission", "pk": 75, "fields": {"name": "Can delete contact", "content_type": 19, "codename": "delete_contact"}}, {"model": "auth.permission", "pk": 76, "fields": {"name": "Can view contact", "content_type": 19, "codename": "view_contact"}}, {"model": "auth.user", "pk": 1, "fields": {"password": "pbkdf2_sha256$390000$0p1fsAIiAgWi4NlZLbmdJI$5bfWNaSYywPNHr8IW9sc9saIiZ+IH2OBUh4qwsdgGrk=", "last_login": "2023-03-19T08:22:27.826Z", "is_superuser": true, "username": "saahndong", "first_name": "", "last_name": "", "email": "", "is_staff": true, "is_active": true, "date_joined": "2023-03-12T23:07:50.296Z", "groups": [], "user_permissions": []}}, {"model": "contenttypes.contenttype", "pk": 1, "fields": {"app_label": "admin", "model": "logentry"}}, {"model": "contenttypes.contenttype", "pk": 2, "fields": {"app_label": "auth", "model": "permission"}}, {"model": "contenttypes.contenttype", "pk": 3, "fields": {"app_label": "auth", "model": "group"}}, {"model": "contenttypes.contenttype", "pk": 4, "fields": {"app_label": "auth", "model": "user"}}, {"model": "contenttypes.contenttype", "pk": 5, "fields": {"app_label": "contenttypes", "model": "contenttype"}}, {"model": "contenttypes.contenttype", "pk": 6, "fields": {"app_label": "sessions", "model": "session"}}, {"model": "contenttypes.contenttype", "pk": 7, "fields": {"app_label": "nblog", "model": "category"}}, {"model": "contenttypes.contenttype", "pk": 8, "fields": {"app_label": "nblog", "model": "customuser"}}, {"model": "contenttypes.contenttype", "pk": 9, "fields": {"app_label": "nblog", "model": "featuredpost"}}, {"model": "contenttypes.contenttype", "pk": 10, "fields": {"app_label": "nblog", "model": "order"}}, {"model": "contenttypes.contenttype", "pk": 11, "fields": {"app_label": "nblog", "model": "subscribedusers"}}, {"model": "contenttypes.contenttype", "pk": 12, "fields": {"app_label": "nblog", "model": "post"}}, {"model": "contenttypes.contenttype", "pk": 13, "fields": {"app_label": "nblog", "model": "comment"}}, {"model": "contenttypes.contenttype", "pk": 14, "fields": {"app_label": "ipn", "model": "paypalipn"}}, {"model": "contenttypes.contenttype", "pk": 15, "fields": {"app_label": "sites", "model": "site"}}, {"model": "contenttypes.contenttype", "pk": 16, "fields": {"app_label": "taggit", "model": "tag"}}, {"model": "contenttypes.contenttype", "pk": 17, "fields": {"app_label": "taggit", "model": "taggeditem"}}, {"model": "contenttypes.contenttype", "pk": 18, "fields": {"app_label": "donations", "model": "donation"}}, {"model": "contenttypes.contenttype", "pk": 19, "fields": {"app_label": "nblog", "model": "contact"}}, {"model": "sessions.session", "pk": "6c3lx0jahl4r4w93za0hljeiw5usrb95", "fields": {"session_data": ".eJxVjEEOgjAQRe_StWmgDBRduucMZPpnKqhpEwor492VhIVu_3vvv8zI2zqNW9FlnMVcTG1Ov1tgPDTtQO6cbtkip3WZg90Ve9Bihyz6vB7u38HEZfrW0Mp1zdn7RoI6BUnXEriGB0f0fWzhIxCdp0AVJNRKlRNuyMGzRPP-AArkOUQ:1pdf2g:CLAAaiSKane_kuYtEsYWTeCzwLd494ES1o_sVt4zUWk", "expire_date": "2023-04-01T22:28:50.888Z"}}, {"model": "sessions.session", "pk": "k9wgw85tsksbhxq97me9hih8jrh2c4ld", "fields": {"session_data": ".eJxVjEEOgjAQRe_StWmgDBRduucMZPpnKqhpEwor492VhIVu_3vvv8zI2zqNW9FlnMVcTG1Ov1tgPDTtQO6cbtkip3WZg90Ve9Bihyz6vB7u38HEZfrW0Mp1zdn7RoI6BUnXEriGB0f0fWzhIxCdp0AVJNRKlRNuyMGzRPP-AArkOUQ:1pdoJ9:RGRt9trhdvkNAAIrCxccIzjUB-nVQVEZEH4a9Vk1w2Q", "expire_date": "2023-04-02T08:22:27.908Z"}}, {"model": "sessions.session", "pk": "x3aaacp45t6ew5voo4br0ygfrbfpwr75", "fields": {"session_data": ".eJxVjEEOgjAQRe_StWmgDBRduucMZPpnKqhpEwor492VhIVu_3vvv8zI2zqNW9FlnMVcTG1Ov1tgPDTtQO6cbtkip3WZg90Ve9Bihyz6vB7u38HEZfrW0Mp1zdn7RoI6BUnXEriGB0f0fWzhIxCdp0AVJNRKlRNuyMGzRPP-AArkOUQ:1pdiYW:BcjxWgHBemjTe6ENzKuVF6wqcXcyjRs_33lH8tllTgs", "expire_date": "2023-04-02T02:13:56.097Z"}}, {"model": "sessions.session", "pk": "zb0rzijqf5qw6zlgtbiyfj06riinkln0", "fields": {"session_data": ".eJxVjEEOgjAQRe_StWmgDBRduucMZPpnKqhpEwor492VhIVu_3vvv8zI2zqNW9FlnMVcTG1Ov1tgPDTtQO6cbtkip3WZg90Ve9Bihyz6vB7u38HEZfrW0Mp1zdn7RoI6BUnXEriGB0f0fWzhIxCdp0AVJNRKlRNuyMGzRPP-AArkOUQ:1pbUnN:slIZosBKIb1pCE9fqWrasIHRL2SC661KES_MCiOYoXM", "expire_date": "2023-03-26T23:08:05.106Z"}}, {"model": "nblog.category", "pk": 1, "fields": {"name": "TECHNOLOGY"}}, {"model": "nblog.category", "pk": 2, "fields": {"name": "PERSONALDEVELOPMENT"}}, {"model": "nblog.category", "pk": 3, "fields": {"name": "LIFE-STYLE"}}, {"model": "nblog.category", "pk": 4, "fields": {"name": "AGRICULTURE"}}, {"model": "nblog.post", "pk": 2, "fields": {"image": "", "image_url": "", "title": "Mindfulness: What it is and how to practice i", "slug": "mindfulness-what-it-is-and-how-to-practice-i", "author": 1, "updated_on": "2023-03-12T23:30:07.032Z", "content": "<p>In today&#39;s fast-paced world, it&#39;s easy to get caught up in the hustle and bustle of everyday life. We often find ourselves rushing from one task to the next, trying to juggle multiple responsibilities at once. In the midst of all this chaos, it&#39;s easy to lose sight of the present moment and become disconnected from our thoughts, feelings, and surroundings.</p>\r\n\r\n<p>That&#39;s where mindfulness comes in. Mindfulness is the practice of being present in the moment, without judgment. It involves paying attention to our thoughts, emotions, and physical sensations, and accepting them without trying to change or control them. By practicing mindfulness, we can learn to live more fully in the present, reduce stress and anxiety, and improve our overall well-being.</p>\r\n\r\n<p>Here are some tips on how to practice mindfulness:</p>\r\n\r\n<ol>\r\n\t<li>\r\n\t<p>Start small. You don&#39;t need to devote hours to mindfulness meditation in order to see benefits. Start by setting aside just a few minutes each day to sit quietly and focus on your breath. As you become more comfortable with this practice, you can gradually increase the length of your meditation sessions.</p>\r\n\t</li>\r\n\t<li>\r\n\t<p>Pay attention to your breath. The breath is a powerful tool for mindfulness. As you sit quietly, focus on the sensation of your breath moving in and out of your body. If your mind starts to wander, gently bring it back to your breath.</p>\r\n\t</li>\r\n\t<li>\r\n\t<p>Observe your thoughts. As you practice mindfulness, you may notice that your mind is full of thoughts, emotions, and distractions. Instead of trying to push these away, simply observe them without judgment. Notice the thoughts as they come and go, and allow them to pass without getting caught up in them.</p>\r\n\t</li>\r\n\t<li>\r\n\t<p>Practice mindful eating. Mindful eating is the practice of paying close attention to the taste, texture, and aroma of the food you are eating. Instead of mindlessly snacking or rushing through meals, take the time to savor each bite and enjoy the experience of eating.</p>\r\n\t</li>\r\n\t<li>\r\n\t<p>Practice gratitude. Mindfulness and gratitude go hand in hand. Take a few moments each day to reflect on the things in your life that you are grateful for. This can help cultivate a sense of joy and contentment, even in the midst of difficult times.</p>\r\n\t</li>\r\n</ol>\r\n\r\n<p>By incorporating mindfulness into your daily routine, you can cultivate a greater sense of awareness, reduce stress and anxiety, and improve your overall well-being. Give it a try and see what a difference it can make in your life!</p>\r\n\r\n<p>&nbsp;</p>\r\n\r\n<p>&nbsp;</p>\r\n\r\n<p>&nbsp;</p>", "created_on": "2023-03-12T23:30:07.033Z", "status": 1, "category": 1, "tag": [6]}}, {"model": "nblog.post", "pk": 3, "fields": {"image": "", "image_url": "", "title": "Sure, here's a blog post on social life:", "slug": "sure-heres-a-blog-post-on-social-life", "author": 1, "updated_on": "2023-03-12T23:33:18.096Z", "content": "<p>Sure, here&#39;s a blog post on social life:</p>\r\n\r\n<hr />\r\n<p>The Importance of a Healthy Social Life</p>\r\n\r\n<p>As humans, we are social creatures. Our relationships and interactions with others play a crucial role in our well-being and overall quality of life. A healthy social life can provide us with a sense of belonging, support, and connection, while also helping us to develop important skills like communication, empathy, and cooperation. Here are some reasons why maintaining a healthy social life is so important:</p>\r\n\r\n<ol>\r\n\t<li>\r\n\t<p>It promotes mental health. Studies have shown that people with strong social connections are less likely to experience anxiety, depression, and other mental health issues. Having a support system of friends and family can provide us with a sense of belonging and validation, which can help to boost our mood and reduce stress.</p>\r\n\t</li>\r\n\t<li>\r\n\t<p>It improves physical health. Social isolation has been linked to a number of negative health outcomes, including increased risk of heart disease, stroke, and other chronic illnesses. Maintaining a healthy social life can help us to stay active, engaged, and motivated, which can contribute to better physical health over the long term.</p>\r\n\t</li>\r\n\t<li>\r\n\t<p>It boosts self-esteem. When we feel connected to others and valued for who we are, we are more likely to have a positive self-image and a sense of confidence in ourselves. Having supportive friends and family members can provide us with encouragement and validation, which can help us to feel more secure in ourselves and our abilities.</p>\r\n\t</li>\r\n\t<li>\r\n\t<p>It enhances personal growth. Our interactions with others can challenge us to think in new ways, learn new skills, and broaden our perspectives. By engaging with people from different backgrounds and experiences, we can expand our knowledge and understanding of the world, and become more well-rounded individuals.</p>\r\n\t</li>\r\n\t<li>\r\n\t<p>It provides us with enjoyment and fulfillment. Simply put, socializing is fun! Spending time with people we care about and engaging in shared activities can bring us joy and a sense of satisfaction, which can contribute to our overall happiness and well-being.</p>\r\n\t</li>\r\n</ol>\r\n\r\n<p>Maintaining a healthy social life doesn&#39;t mean you need to be a social butterfly or have a packed schedule of social engagements. It simply means prioritizing meaningful connections with others and making time for social activities that bring you joy and fulfillment. Whether it&#39;s having a weekly game night with friends, joining a hobby group, or volunteering in your community, finding ways to engage with others can have a powerful impact on your overall well-being.</p>", "created_on": "2023-03-12T23:33:18.096Z", "status": 1, "category": 2, "tag": [8]}}, {"model": "nblog.post", "pk": 4, "fields": {"image": "", "image_url": "", "title": "The Impact of Technology on Our Lives", "slug": "1", "author": 1, "updated_on": "2023-03-12T23:36:00.470Z", "content": "<p>Technology has transformed the way we live, work, and interact with the world around us. From smartphones and social media to artificial intelligence and virtual reality, technology has become an integral part of our daily lives, bringing both benefits and challenges. Here are some ways technology has impacted our lives:</p>\r\n\r\n<ol>\r\n\t<li>\r\n\t<p>Communication: Technology has revolutionized the way we communicate with each other. We can now easily connect with friends, family, and colleagues across the globe through video calls, messaging apps, and social media. This has made communication more convenient and accessible, but has also raised concerns about privacy and the impact on face-to-face interactions.</p>\r\n\t</li>\r\n\t<li>\r\n\t<p>Work: Technology has transformed the way we work, making it possible to work remotely and collaborate with colleagues in real-time. It has also led to the automation of many jobs and the rise of the gig economy. While this has brought increased flexibility and efficiency to the workplace, it has also raised concerns about job security and the impact on mental health and work-life balance.</p>\r\n\t</li>\r\n\t<li>\r\n\t<p>Education: Technology has made education more accessible and engaging, with online courses and virtual classrooms. It has also transformed the way we learn and acquire information, with search engines and online databases providing instant access to vast amounts of knowledge. However, it has also raised concerns about the quality of online education and the impact on traditional classroom settings.</p>\r\n\t</li>\r\n\t<li>\r\n\t<p>Health: Technology has had a major impact on healthcare, with advances in medical technology and telemedicine allowing for remote diagnosis and treatment. Wearable technology and health apps have also made it easier to monitor and track our health and wellness. However, there are concerns about the impact of technology on mental health and addiction to screens and social media.</p>\r\n\t</li>\r\n\t<li>\r\n\t<p>Entertainment: Technology has transformed the way we consume and enjoy entertainment, with streaming services and video games providing endless options for on-demand entertainment. It has also led to the rise of social media influencers and online celebrities. However, there are concerns about the impact of screen time on physical health and the potential for addiction and disconnection from the real world.</p>\r\n\t</li>\r\n</ol>\r\n\r\n<p>Overall, technology has had a profound impact on our lives, bringing both benefits and challenges. As technology continues to evolve, it&#39;s important to be mindful of its impact on our well-being and to find ways to use it responsibly and purposefully.</p>", "created_on": "2023-03-12T23:36:00.470Z", "status": 1, "category": 3, "tag": [6]}}, {"model": "nblog.post", "pk": 5, "fields": {"image": "", "image_url": "", "title": "The Exciting World of Virtual Reality", "slug": "the-exciting-world-of-virtual-reality", "author": 1, "updated_on": "2023-03-14T06:20:20.997Z", "content": "<p>Virtual reality (VR) is an immersive technology that allows users to experience simulated environments and interact with digital objects in a way that feels realistic and engaging. With the help of specialized hardware like VR headsets and controllers, users can explore virtual worlds and interact with digital content in ways that were once impossible. Here are some of the exciting possibilities of virtual reality:</p>\r\n\r\n<ol>\r\n\t<li>\r\n\t<p>Gaming: VR has revolutionized the gaming industry, offering players an unprecedented level of immersion and interactivity. With VR, players can step into a virtual world and physically interact with the environment and characters, providing a more engaging and immersive gaming experience.</p>\r\n\t</li>\r\n\t<li>\r\n\t<p>Training and Simulation: VR has been used in various industries to train employees and simulate real-world scenarios. For example, military personnel can use VR simulations to train for combat situations, and medical students can practice surgeries on virtual patients. VR simulations offer a safe and cost-effective way to train for high-risk or dangerous situations.</p>\r\n\t</li>\r\n\t<li>\r\n\t<p>Education: VR has the potential to transform the way we learn and teach. It allows for immersive and interactive experiences that can help students better understand complex concepts and ideas. For example, students can explore historical sites, travel to different parts of the world, or experience scientific concepts in a virtual environment.</p>\r\n\t</li>\r\n\t<li>\r\n\t<p>Entertainment and Tourism: VR has the potential to revolutionize the entertainment and tourism industries, providing immersive experiences that transport users to different locations and events. For example, users can attend virtual concerts, explore museums and art galleries, or experience extreme sports like skydiving or mountain climbing.</p>\r\n\t</li>\r\n\t<li>\r\n\t<p>Therapy and Rehabilitation: VR has also been used for therapeutic purposes, providing a safe and controlled environment for patients to confront their fears and phobias. It can also be used in rehabilitation to help patients recover from injuries or disabilities by providing a way to simulate real-world scenarios and activities.</p>\r\n\t</li>\r\n</ol>\r\n\r\n<p>While VR offers exciting possibilities, there are also concerns about the potential negative effects, such as motion sickness, eye strain, and disorientation. It&#39;s important for users to use VR responsibly and take breaks when needed to avoid these negative effects.</p>\r\n\r\n<p>Overall, virtual reality has the potential to transform the way we experience and interact with the world around us. From gaming and entertainment to education and therapy, the possibilities of VR are endless, and it&#39;s exciting to see where this technology will take us in the future.</p>", "created_on": "2023-03-12T23:38:04.048Z", "status": 1, "category": 1, "tag": [6]}}, {"model": "nblog.post", "pk": 6, "fields": {"image": "", "image_url": "", "title": "The Exciting World of Virtual Realityr", "slug": "the-exciting-world-of-virtual-reality1", "author": 1, "updated_on": "2023-03-20T05:18:56.902Z", "content": "<p>The Exciting World of Virtual Reality</p>\r\n\r\n<p>Virtual reality (VR) is an immersive technology that allows users to experience simulated environments and interact with digital objects in a way that feels realistic and engaging. With the help of specialized hardware like VR headsets and controllers, users can explore virtual worlds and interact with digital content in ways that were once impossible. Here are some of the exciting possibilities of virtual reality:</p>\r\n\r\n<ol>\r\n\t<li>\r\n\t<p>Gaming: VR has revolutionized the gaming industry, offering players an unprecedented level of immersion and interactivity. With VR, players can step into a virtual world and physically interact with the environment and characters, providing a more engaging and immersive gaming experience.</p>\r\n\t</li>\r\n\t<li>\r\n\t<p>Training and Simulation: VR has been used in various industries to train employees and simulate real-world scenarios. For example, military personnel can use VR simulations to train for combat situations, and medical students can practice surgeries on virtual patients. VR simulations offer a safe and cost-effective way to train for high-risk or dangerous situations.</p>\r\n\t</li>\r\n\t<li>\r\n\t<p>Education: VR has the potential to transform the way we learn and teach. It allows for immersive and interactive experiences that can help students better understand complex concepts and ideas. For example, students can explore historical sites, travel to different parts of the world, or experience scientific concepts in a virtual environment.</p>\r\n\t</li>\r\n\t<li>\r\n\t<p>Entertainment and Tourism: VR has the potential to revolutionize the entertainment and tourism industries, providing immersive experiences that transport users to different locations and events. For example, users can attend virtual concerts, explore museums and art galleries, or experience extreme sports like skydiving or mountain climbing.</p>\r\n\t</li>\r\n\t<li>\r\n\t<p>Therapy and Rehabilitation: VR has also been used for therapeutic purposes, providing a safe and controlled environment for patients to confront their fears and phobias. It can also be used in rehabilitation to help patients recover from injuries or disabilities by providing a way to simulate real-world scenarios and activities.</p>\r\n\t</li>\r\n</ol>\r\n\r\n<p>While VR offers exciting possibilities, there are also concerns about the potential negative effects, such as motion sickness, eye strain, and disorientation. It&#39;s important for users to use VR responsibly and take breaks when needed to avoid these negative effects.</p>\r\n\r\n<p>Overall, virtual reality has the potential to transform the way we experience and interact with the world around us. From gaming and entertainment to education and therapy, the possibilities of VR are endless, and it&#39;s exciting to see where this technology will take us in the future.</p>", "created_on": "2023-03-12T23:40:47.593Z", "status": 1, "category": 1, "tag": [6, 7]}}, {"model": "nblog.post", "pk": 7, "fields": {"image": "", "image_url": "", "title": "gog", "slug": "gog", "author": 1, "updated_on": "2023-03-22T06:06:22.435Z", "content": "<p>variety of ways, which results in different structures. The topology of these structures forms the basis for silicate&nbsp;<a href=\"https://www.britannica.com/dictionary/classification\">classification</a>. For example,&nbsp;<a href=\"https://www.britannica.com/science/nesosilicate\">nesosilicates</a>&nbsp;are minerals whose structure are made up of independent silicate tetrahedrons.&nbsp;<a href=\"https://www.britannica.com/science/sorosilicate\">Sorosilicates</a>&nbsp;are silicate minerals consisting of double tetrahedral groups in which one oxygen atom is shared by two tetrahedrons.&nbsp;<a href=\"https://www.britannica.com/science/cyclosilicate\">Cyclosilicates</a>, in contrast, are arranged in rings made up of three, four, or six tetrahedral units.&nbsp;<a href=\"https://www.britannica.com/science/inosilicate\">Inosilicates</a>&nbsp;show a single-chain structure wherein each tetrahedron shares two oxygen atoms.&nbsp;<a href=\"https://www.britannica.com/science/phyllosilicate\">Phyllosilicates</a>&nbsp;have a sheet structure in which each tetrahedron shares one oxygen atom with each of three other tetrahedrons.</p>", "created_on": "2023-03-14T06:33:13.454Z", "status": 1, "category": 1, "tag": [6]}}, {"model": "nblog.post", "pk": 8, "fields": {"image": "", "image_url": "", "title": "god", "slug": "god", "author": 1, "updated_on": "2023-03-22T06:06:08.638Z", "content": "<p>variety of ways, which results in different structures. The topology of these structures forms the basis for silicate&nbsp;<a href=\"https://www.britannica.com/dictionary/classification\">classification</a>. For example,&nbsp;<a href=\"https://www.britannica.com/science/nesosilicate\">nesosilicates</a>&nbsp;are minerals whose structure are made up of independent silicate tetrahedrons.&nbsp;<a href=\"https://www.britannica.com/science/sorosilicate\">Sorosilicates</a>&nbsp;are silicate minerals consisting of double tetrahedral groups in which one oxygen atom is shared by two tetrahedrons.&nbsp;<a href=\"https://www.britannica.com/science/cyclosilicate\">Cyclosilicates</a>, in contrast, are arranged in rings made up of three, four, or six tetrahedral units.&nbsp;<a href=\"https://www.britannica.com/science/inosilicate\">Inosilicates</a>&nbsp;show a single-chain structure wherein each tetrahedron shares two oxygen atoms.&nbsp;<a href=\"https://www.britannica.com/science/phyllosilicate\">Phyllosilicates</a>&nbsp;have a sheet structure in which each tetrahedron shares one oxygen atom with each of three other tetrahedrons.</p>", "created_on": "2023-03-14T13:37:55.387Z", "status": 1, "category": 1, "tag": [6]}}, {"model": "nblog.post", "pk": 9, "fields": {"image": "", "image_url": "", "title": "jesus", "slug": "jesus", "author": 1, "updated_on": "2023-03-22T11:03:38.317Z", "content": "<p>variety of ways, which results in different structures. The topology of these structures forms the basis for silicate&nbsp;<a href=\"https://www.britannica.com/dictionary/classification\">classification</a>. For example,&nbsp;<a href=\"https://www.britannica.com/science/nesosilicate\">nesosilicates</a>&nbsp;are minerals whose structure are made up of independent silicate tetrahedrons.&nbsp;<a href=\"https://www.britannica.com/science/sorosilicate\">Sorosilicates</a>&nbsp;are silicate minerals consisting of double tetrahedral groups in which one oxygen atom is shared by two tetrahedrons.&nbsp;<a href=\"https://www.britannica.com/science/cyclosilicate\">Cyclosilicates</a>, in contrast, are arranged in rings made up of three, four, or six tetrahedral units.&nbsp;<a href=\"https://www.britannica.com/science/inosilicate\">Inosilicates</a>&nbsp;show a single-chain structure wherein each tetrahedron shares two oxygen atoms.&nbsp;<a href=\"https://www.britannica.com/science/phyllosilicate\">Phyllosilicates</a>&nbsp;have a sheet structure in which each tetrahedron shares one oxygen atom with each of three other tetrahedrons.</p>\r\n\r\n<p>&nbsp;</p>", "created_on": "2023-03-14T13:38:33.631Z", "status": 1, "category": 1, "tag": [4, 5, 6, 7, 8]}}, {"model": "nblog.post", "pk": 12, "fields": {"image": "post_images/42795GettyImages-1049270616_pDbZMUs.jpg", "image_url": "https://foundation.blacksintechnology.net/wp-content/uploads/2020/08/42700883892478.jpg", "title": "life is life", "slug": "life-is-life", "author": 1, "updated_on": "2023-03-22T18:32:46.809Z", "content": "<p>Originally, brahmana, kshatriya, vaishya, and shudra were not seen as sects of people who are born in certain families as it is understood today, but as descriptions of qualifications. A shudra was someone who did menial jobs; all he knew was his body. A vaishya was someone who was using his body, and to some extent, his mind. He was largely free of emotion, except for his own family. His body and his calculations ruled his nature. A kshatriya was passionate to the point of involving his life energies. He was more in his heart; otherwise he could not rule or lay down his life for what he believed in.</p>", "created_on": "2023-03-22T16:38:21.695Z", "status": 1, "category": 1, "tag": [6]}}, {"model": "nblog.post", "pk": 13, "fields": {"image": "", "image_url": "https://www.planetware.com/wpimages/2020/02/france-in-pictures-beautiful-places-to-photograph-eiffel-tower.jpg", "title": "love god", "slug": "love-god", "author": 1, "updated_on": "2023-03-22T18:30:18.789Z", "content": "<p>Originally, brahmana, kshatriya, vaishya, and shudra were not seen as sects of people who are born in certain families as it is understood today, but as descriptions of qualifications. A shudra was someone who did menial jobs; all he knew was his body. A vaishya was someone who was using his body, and to some extent, his mind. He was largely free of emotion, except for his own family. His body and his calculations ruled his nature. A kshatriya was passionate to the point of involving his life energies. He was more in his heart; otherwise he could not rule or lay down his life for what he believed in.</p>", "created_on": "2023-03-22T16:45:17.812Z", "status": 1, "category": 1, "tag": [6]}}, {"model": "nblog.post", "pk": 14, "fields": {"image": "post_images/keegan-houser-q_t4scn8c4-unsplash.jpg", "image_url": "", "title": "ewelcome", "slug": "ewelcome", "author": 1, "updated_on": "2023-03-22T18:49:52.986Z", "content": "<p>Originally, brahmana, kshatriya, vaishya, and shudra were not seen as sects of people who are born in certain families as it is understood today, but as descriptions of qualifications. A shudra was someone who did menial jobs; all he knew was his body. A vaishya was someone who was using his body, and to some extent, his mind. He was largely free of emotion, except for his own family. His body and his calculations ruled his nature. A kshatriya was passionate to the point of involving his life energies. He was more in his heart; otherwise he could not rule or lay down his life for what he believed in.</p>", "created_on": "2023-03-22T18:49:52.986Z", "status": 1, "category": 1, "tag": [6]}}, {"model": "nblog.post", "pk": 15, "fields": {"image": "", "image_url": "https://www.planetware.com/wpimages/2020/02/france-in-pictures-beautiful-places-to-photograph-eiffel-tower.jpg", "title": "god no go sahme us", "slug": "god-no-go-sahme-us", "author": 1, "updated_on": "2023-03-22T19:27:12.981Z", "content": "<p>variety of ways, which results in different structures. The topology of these structures forms the basis for silicate&nbsp;<a href=\"https://www.britannica.com/dictionary/classification\">classification</a>. For example,&nbsp;<a href=\"https://www.britannica.com/science/nesosilicate\">nesosilicates</a>&nbsp;are minerals whose structure are made up of independent silicate tetrahedrons.&nbsp;<a href=\"https://www.britannica.com/science/sorosilicate\">Sorosilicates</a>&nbsp;are silicate minerals consisting of double tetrahedral groups in which one oxygen atom is shared by two tetrahedrons.&nbsp;<a href=\"https://www.britannica.com/science/cyclosilicate\">Cyclosilicates</a>, in contrast, are arranged in rings made up of three, four, or six tetrahedral units.&nbsp;<a href=\"https://www.britannica.com/science/inosilicate\">Inosilicates</a>&nbsp;show a single-chain structure wherein each tetrahedron shares two oxygen atoms.&nbsp;<a href=\"https://www.britannica.com/science/phyllosilicate\">Phyllosilicates</a>&nbsp;have a sheet structure in which each tetrahedron shares one oxygen atom with each of three other tetrahedrons. a sheet structure in which each tetrahedron shares one oxygen atom with&nbsp; a sheet structure in which each tetrahedron shares one oxygen atom with&nbsp; a sheet structure in which each tetrahedron shares one oxygen atom with&nbsp; a sheet structure in which each tetrahedron shares one oxygen atom with&nbsp; a sheet structure in which each tetrahedron shares one oxygen atom with a sheet structure in which each tetrahedron shares one oxygen atom with</p>", "created_on": "2023-03-22T19:04:56.284Z", "status": 1, "category": 2, "tag": [8]}}, {"model": "nblog.post", "pk": 16, "fields": {"image": "", "image_url": "https://cdn.pixabay.com/photo/2015/04/23/22/00/tree-736885__480.jpg", "title": "god is very very very very", "slug": "god-is-very-very-very-very", "author": 1, "updated_on": "2023-03-22T19:40:28.780Z", "content": "<p>Originally, brahmana, kshatriya, vaishya, and shudra were not seen as sects of people who are born in certain families as it is understood today, but as descriptions of qualifications. A shudra was someone who did menial jobs; all he knew was his body. A vaishya was someone who was using his body, and to some extent, his mind. He was largely free of emotion, except for his own family. His body and his calculations ruled his nature. A kshatriya was passionate to the point of involving his life energies. He was more in his heart; otherwise he could not rule or lay down his life for what he believed in.</p>\r\n\r\n<p>A vaishya would never sacrifice his life &ndash; he would negotiate and make any kind of deal that was necessary. A kshatriya was honor-bound and would rather die than negotiate. For him, a compromise was death. A brahmana was someone who was supposed to have touched&nbsp;<em>Brahman</em>&nbsp;or the ultimate nature within himself. If someone like that cursed you, it would come true for sure.</p>\r\n\r\n<p>Karna received curses from two brahmanas. One was a very powerful one; another was an ordinary one, but both of the curses stuck. The second brahmana only cursed him that his chariot wheel would get stuck. Even if his chariot wheel was stuck, had he remembered the mantras*, he still could have killed Arjuna. But the bigger curse was Parashurama&rsquo;s, which made Karna forget the mantra for his astra*&nbsp;at the right moment.</p>", "created_on": "2023-03-22T19:40:28.780Z", "status": 1, "category": 4, "tag": [4]}}, {"model": "nblog.subscribedusers", "pk": 1, "fields": {"email": "newhatchtech@gmail.com", "created_date": "2023-03-19T12:46:47.469Z"}}, {"model": "nblog.subscribedusers", "pk": 2, "fields": {"email": "saahndongransom@gmail.com", "created_date": "2023-03-19T12:47:10.923Z"}}, {"model": "nblog.subscribedusers", "pk": 3, "fields": {"email": "saahransom@yahoo.com", "created_date": "2023-03-19T12:47:32.559Z"}}, {"model": "nblog.subscribedusers", "pk": 4, "fields": {"email": "felicitasnaindjam@gmail.com", "created_date": "2023-03-19T14:56:01.681Z"}}, {"model": "nblog.subscribedusers", "pk": 5, "fields": {"email": "achulindabih@gmail.com", "created_date": "2023-03-19T15:32:34.616Z"}}, {"model": "nblog.comment", "pk": 2, "fields": {"post": 9, "name": "saahndong", "email": "saahndongransom@gmail.com", "text": "this comment is not working", "created_date": "2023-03-19T02:15:08.446Z", "active": true}}, {"model": "nblog.comment", "pk": 3, "fields": {"post": 8, "name": "Saahndong Nwonze Ransom", "email": "felicitasnaindjam@gmail.com", "text": "ddddddddddddddddd", "created_date": "2023-03-19T11:11:12.524Z", "active": true}}, {"model": "nblog.comment", "pk": 4, "fields": {"post": 9, "name": "TECHNOLOGY", "email": "saahndongransom@gmail.com", "text": "kkkkkkkkkkk", "created_date": "2023-03-19T12:40:04.825Z", "active": true}}, {"model": "nblog.comment", "pk": 5, "fields": {"post": 4, "name": "TECHNOLOGY", "email": "saahndongransom@gmail.com", "text": "what is that", "created_date": "2023-03-19T16:39:24.949Z", "active": true}}, {"model": "nblog.comment", "pk": 6, "fields": {"post": 9, "name": "Fomaka", "email": "saahndongransom@gmail.com", "text": "yesooooooooooooo", "created_date": "2023-03-19T22:56:52.723Z", "active": true}}, {"model": "nblog.comment", "pk": 7, "fields": {"post": 7, "name": "feli", "email": "saahndongransom@gmail.com", "text": "ffffffffffffffffff", "created_date": "2023-03-20T05:07:35.959Z", "active": true}}, {"model": "nblog.comment", "pk": 8, "fields": {"post": 13, "name": "Saahndong Nwonze Ransom", "email": "saahndongransom@gmail.com", "text": "good", "created_date": "2023-03-23T04:11:24.481Z", "active": true}}, {"model": "sites.site", "pk": 1, "fields": {"domain": "example.com", "name": "example.com"}}, {"model": "taggit.tag", "pk": 4, "fields": {"name": "Farming", "slug": "farming"}}, {"model": "taggit.tag", "pk": 5, "fields": {"name": "Soil", "slug": "soil"}}, {"model": "taggit.tag", "pk": 6, "fields": {"name": "Artificial Intelligent", "slug": "artificial-intelligent"}}, {"model": "taggit.tag", "pk": 7, "fields": {"name": "Virtual Reality", "slug": "virtual-reality"}}, {"model": "taggit.tag", "pk": 8, "fields": {"name": "Social life", "slug": "social-life"}}]